{"cameraMode":{"drawMode":0,"name":"Shaded","section":"Shading Mode"},"sceneLighting":true,"audioPlay":false,"sceneViewState":{"showFog":true,"showMaterialUpdate":false,"showSkybox":true,"showFlares":true,"showImageEffects":true,"showParticleSystems":true},"in2DMode":false,"pivot":{"x":120.90699768066406,"y":47.633262634277347,"z":132.2707061767578},"rotation":{"x":-0.05127669498324394,"y":0.020069347694516183,"z":-0.0010306559270247818,"w":-0.9984825253486633},"size":179.8915557861328,"orthographic":false}